<?xml version="1.0" encoding="UTF-8"?>
<project-private xmlns="http://www.netbeans.org/ns/project-private/1">
    <editor-bookmarks xmlns="http://www.netbeans.org/ns/editor-bookmarks/2" lastBookmarkId="0"/>
    <open-files xmlns="http://www.netbeans.org/ns/projectui-open-files/2">
        <group>
            <file>file:/D:/Documents/NetBeansProjects/Cafe%20Management%20System/src/data_access_object/tables.java</file>
            <file>file:/D:/Documents/NetBeansProjects/Cafe%20Management%20System/src/data_access_object/UserDao.java</file>
            <file>file:/D:/Documents/NetBeansProjects/Cafe%20Management%20System/src/data_access_object/DbOperations.java</file>
            <file>file:/D:/Documents/NetBeansProjects/Cafe%20Management%20System/src/data_access_object/ConnectionProvider.java</file>
            <file>file:/D:/Documents/NetBeansProjects/Cafe%20Management%20System/src/cafe/management/system/Home.java</file>
            <file>file:/D:/Documents/NetBeansProjects/Cafe%20Management%20System/src/cafe/management/system/Login.java</file>
            <file>file:/D:/Documents/NetBeansProjects/Cafe%20Management%20System/src/cafe/management/system/signup.java</file>
            <file>file:/D:/Documents/NetBeansProjects/Cafe%20Management%20System/src/data_access_object/ProductDao.java</file>
            <file>file:/D:/Documents/NetBeansProjects/Cafe%20Management%20System/src/common/OpenPdf.java</file>
            <file>file:/D:/Documents/NetBeansProjects/Cafe%20Management%20System/src/cafe/management/system/PlaceOrder.java</file>
            <file>file:/D:/Documents/NetBeansProjects/Cafe%20Management%20System/src/model/User.java</file>
            <file>file:/D:/Documents/NetBeansProjects/Cafe%20Management%20System/src/cafe/management/system/AddNewProduct.java</file>
            <file>file:/D:/Documents/NetBeansProjects/Cafe%20Management%20System/src/cafe/management/system/ForgotPassword.java</file>
            <file>file:/D:/Documents/NetBeansProjects/Cafe%20Management%20System/src/cafe/management/system/ChangePassword.java</file>
            <file>file:/D:/Documents/NetBeansProjects/Cafe%20Management%20System/src/cafe/management/system/ManageCatagory.java</file>
        </group>
    </open-files>
</project-private>
